<?xml version="1.0" encoding="UTF-8"?>
<beans xmlns="http://www.springframework.org/schema/beans"
	xmlns:xsi="http://www.w3.org/2001/XMLSchema-instance"
	xmlns:context="http://www.springframework.org/schema/context"
	xmlns:mybatis-spring="http://mybatis.org/schema/mybatis-spring"
	xsi:schemaLocation="http://mybatis.org/schema/mybatis-spring http://mybatis.org/schema/mybatis-spring-1.2.xsd
		http://www.springframework.org/schema/beans https://www.springframework.org/schema/beans/spring-beans.xsd
		http://www.springframework.org/schema/context http://www.springframework.org/schema/context/spring-context-4.3.xsd">
   
   <bean id="hikariConfig" class="com.zaxxer.hikari.HikariConfig">
      <property name="driverClassName"
         value="net.sf.log4jdbc.sql.jdbcapi.DriverSpy"></property>
      <property name="jdbcUrl"
         value="jdbc:log4jdbc:oracle:thin:@106.240.16.165:15220:JAVA"></property>
      <property name="username" value="odga"></property>
      <property name="password" value="java"></property>
   </bean>

   <bean id="dataSource" class="com.zaxxer.hikari.HikariDataSource"
      destroy-method="close">
      <constructor-arg ref="hikariConfig" />
   </bean>
   
   <bean id="sqlSessionFactory"
		class="org.mybatis.spring.SqlSessionFactoryBean">
		<property name="dataSource" ref="dataSource"></property>
		<property name="configLocation" value="classpath:/mybatis-config.xml"/>
		
		<!-- 추가 -xml 찾는거 -->
		<property name="mapperLocations" value="classpath:odga/**/*Mapper.xml"></property>
	</bean>
	    
   	<!--   추가  SQLSessionTemplate설정하기 DAO인터페이스를 만들었기때문에 Mybatis에서 DAO인터페이스를 구현하기위해서 필요한작업 
    <bean id="sqlSession" class="org.mybatis.spring.SqlSessionTemplate" destroy-method="clearCache">
        <constructor-arg name="sqlSessionFactory" ref="sqlSessionFactory"></constructor-arg>    
    </bean> -->

	<context:component-scan base-package="odga.bt.mapper"/>
	<context:component-scan base-package="odga.bt.service"></context:component-scan>
	<mybatis-spring:scan base-package="odga.bt.mapper"/>
<!--       
      <context:component-scan base-package="soo.md.service"></context:component-scan>
      <context:component-scan base-package="soo.md.mapper"/> main
	  <mybatis-spring:scan base-package="soo.md.mapper"/> resource -->
      
      
</beans>